{
  "model_home_fg": {
    "max_depth": 3,
    "learning_rate": 0.060870395047366736,
    "n_estimators": 100,
    "subsample": 0.8517301367942592,
    "colsample_bytree": 0.806634303804557,
    "min_child_weight": 3,
    "reg_alpha": 0.0032294779338928126,
    "reg_lambda": 0.007381213438027303,
    "objective": "reg:squarederror",
    "random_state": 42,
    "early_stopping_rounds": 30
  },
  "model_away_fg": {
    "max_depth": 4,
    "learning_rate": 0.10246768802419728,
    "n_estimators": 700,
    "subsample": 0.7365986606293469,
    "colsample_bytree": 0.699792505555592,
    "min_child_weight": 9,
    "reg_alpha": 0.0016351665717309037,
    "reg_lambda": 9.558506997759759,
    "objective": "reg:squarederror",
    "random_state": 42,
    "early_stopping_rounds": 30
  },
  "model_home_1h": {
    "max_depth": 4,
    "learning_rate": 0.025475235941594093,
    "n_estimators": 200,
    "subsample": 0.6637329106468747,
    "colsample_bytree": 0.5770177255565538,
    "min_child_weight": 14,
    "reg_alpha": 0.39307687647973716,
    "reg_lambda": 1.7139908424652293,
    "objective": "reg:squarederror",
    "random_state": 42,
    "early_stopping_rounds": 30
  },
  "model_away_1h": {
    "max_depth": 3,
    "learning_rate": 0.1601531217136121,
    "n_estimators": 600,
    "subsample": 0.8916028672163949,
    "colsample_bytree": 0.8856351733429728,
    "min_child_weight": 2,
    "reg_alpha": 0.02715581955282941,
    "reg_lambda": 0.0029072088906598446,
    "objective": "reg:squarederror",
    "random_state": 42,
    "early_stopping_rounds": 30
  }
}