{
  "model_home_fg": {
    "max_depth": 3,
    "learning_rate": 0.1601531217136121,
    "n_estimators": 600,
    "subsample": 0.8916028672163949,
    "colsample_bytree": 0.8856351733429728,
    "min_child_weight": 2,
    "reg_alpha": 0.02715581955282941,
    "reg_lambda": 0.0029072088906598446,
    "objective": "reg:squarederror",
    "random_state": 42,
    "early_stopping_rounds": 30
  },
  "model_away_fg": {
    "max_depth": 9,
    "learning_rate": 0.016865103852105896,
    "n_estimators": 500,
    "subsample": 0.6436652240872068,
    "colsample_bytree": 0.5915421573901095,
    "min_child_weight": 10,
    "reg_alpha": 3.430583533402438,
    "reg_lambda": 1.0740277468181505,
    "objective": "reg:squarederror",
    "random_state": 42,
    "early_stopping_rounds": 30
  },
  "model_home_1h": {
    "max_depth": 4,
    "learning_rate": 0.10663917034818167,
    "n_estimators": 300,
    "subsample": 0.6177603147975752,
    "colsample_bytree": 0.6772201357129692,
    "min_child_weight": 9,
    "reg_alpha": 0.03748197271882676,
    "reg_lambda": 0.11434952698192317,
    "objective": "reg:squarederror",
    "random_state": 42,
    "early_stopping_rounds": 30
  },
  "model_away_1h": {
    "max_depth": 10,
    "learning_rate": 0.010269786859910212,
    "n_estimators": 500,
    "subsample": 0.6014562981232444,
    "colsample_bytree": 0.8618310664063962,
    "min_child_weight": 8,
    "reg_alpha": 9.525822296104014,
    "reg_lambda": 0.0015207199804730214,
    "objective": "reg:squarederror",
    "random_state": 42,
    "early_stopping_rounds": 30
  }
}