{
  "model_home_fg": {
    "max_depth": 9,
    "learning_rate": 0.016574220862197096,
    "n_estimators": 700,
    "subsample": 0.9415924901451267,
    "colsample_bytree": 0.5576359776518147,
    "min_child_weight": 15,
    "reg_alpha": 3.7319899772372453,
    "reg_lambda": 0.025057500849910954,
    "objective": "reg:squarederror",
    "random_state": 42,
    "early_stopping_rounds": 30
  },
  "model_away_fg": {
    "max_depth": 4,
    "learning_rate": 0.03053242909746085,
    "n_estimators": 400,
    "subsample": 0.6450022149057993,
    "colsample_bytree": 0.758407855794271,
    "min_child_weight": 13,
    "reg_alpha": 0.005400583780202704,
    "reg_lambda": 0.012509444553931468,
    "objective": "reg:squarederror",
    "random_state": 42,
    "early_stopping_rounds": 30
  },
  "model_home_1h": {
    "max_depth": 3,
    "learning_rate": 0.2100698836679407,
    "n_estimators": 800,
    "subsample": 0.6073618506193316,
    "colsample_bytree": 0.6741100826883832,
    "min_child_weight": 12,
    "reg_alpha": 7.441235966580453,
    "reg_lambda": 7.854916241446638,
    "objective": "reg:squarederror",
    "random_state": 42,
    "early_stopping_rounds": 30
  },
  "model_away_1h": {
    "max_depth": 3,
    "learning_rate": 0.07643181169285722,
    "n_estimators": 650,
    "subsample": 0.682520005965241,
    "colsample_bytree": 0.8083995165391318,
    "min_child_weight": 1,
    "reg_alpha": 0.0031714622547358083,
    "reg_lambda": 0.01449001611399788,
    "objective": "reg:squarederror",
    "random_state": 42,
    "early_stopping_rounds": 30
  }
}