{
  "model_home_fg": {
    "max_depth": 4,
    "learning_rate": 0.013052474591418157,
    "n_estimators": 700,
    "subsample": 0.8519416923901438,
    "colsample_bytree": 0.5465258547556022,
    "min_child_weight": 13,
    "reg_alpha": 5.314707145920593,
    "reg_lambda": 7.829185157764725,
    "objective": "reg:squarederror",
    "random_state": 42,
    "early_stopping_rounds": 30
  },
  "model_away_fg": {
    "max_depth": 8,
    "learning_rate": 0.015386989609519144,
    "n_estimators": 700,
    "subsample": 0.7426815878832285,
    "colsample_bytree": 0.627041871440559,
    "min_child_weight": 12,
    "reg_alpha": 0.07491279634210274,
    "reg_lambda": 6.226671420042211,
    "objective": "reg:squarederror",
    "random_state": 42,
    "early_stopping_rounds": 30
  },
  "model_home_1h": {
    "max_depth": 3,
    "learning_rate": 0.03145267993650273,
    "n_estimators": 300,
    "subsample": 0.6743951243297808,
    "colsample_bytree": 0.6183963764621906,
    "min_child_weight": 5,
    "reg_alpha": 0.4479717901387346,
    "reg_lambda": 0.6002044538586975,
    "objective": "reg:squarederror",
    "random_state": 42,
    "early_stopping_rounds": 30
  },
  "model_away_1h": {
    "max_depth": 10,
    "learning_rate": 0.024506553406175753,
    "n_estimators": 450,
    "subsample": 0.6487609802646587,
    "colsample_bytree": 0.7233868647082243,
    "min_child_weight": 5,
    "reg_alpha": 0.2931615331760079,
    "reg_lambda": 9.074966324558213,
    "objective": "reg:squarederror",
    "random_state": 42,
    "early_stopping_rounds": 30
  }
}