{
  "home_ppg": 0.0235881507396698,
  "home_oppg": 0.011577533558011055,
  "home_wins": 0.011427920311689377,
  "home_losses": 0.013098079711198807,
  "home_pace": 0.012591811828315258,
  "home_off_rating": 0.009039776399731636,
  "home_def_rating": 0.009417005814611912,
  "home_win_pct": 0.010254709981381893,
  "home_l5_pts_avg": 0.011271272785961628,
  "home_l5_pts_allowed_avg": 0.013429174199700356,
  "home_l5_1h_pts_avg": 0.010897615924477577,
  "home_l5_1h_allowed_avg": 0.009263414889574051,
  "home_l10_pts_avg": 0.008959248661994934,
  "home_l10_pts_allowed_avg": 0.009751938283443451,
  "home_l10_1h_pts_avg": 0.011067705228924751,
  "home_l10_1h_allowed_avg": 0.009198319166898727,
  "home_rest_days": 0.012796828523278236,
  "home_b2b": 0.011256145313382149,
  "home_games_7d": 0.008252574130892754,
  "home_injury_impact": 0.0,
  "home_injured_count": 0.0,
  "home_player_pts_avg": 0.00827139150351286,
  "home_player_ast_avg": 0.010916460305452347,
  "home_player_reb_avg": 0.009745310992002487,
  "home_player_fg_pct": 0.00924545619636774,
  "home_player_3pt_pct": 0.008839857764542103,
  "home_starter_pts_avg": 0.00902591086924076,
  "home_bench_pts_avg": 0.013680262491106987,
  "home_bench_ratio": 0.012627016752958298,
  "home_min_std": 0.0080451974645257,
  "home_q1_avg": 0.007502885535359383,
  "home_q3_avg": 0.008408227004110813,
  "away_ppg": 0.007828105241060257,
  "away_oppg": 0.04872208833694458,
  "away_wins": 0.010573280975222588,
  "away_losses": 0.033909786492586136,
  "away_pace": 0.04272031784057617,
  "away_off_rating": 0.011258082464337349,
  "away_def_rating": 0.0099288709461689,
  "away_win_pct": 0.014504664577543736,
  "away_l5_pts_avg": 0.00773285049945116,
  "away_l5_pts_allowed_avg": 0.012427699752151966,
  "away_l5_1h_pts_avg": 0.011226991191506386,
  "away_l5_1h_allowed_avg": 0.00909309834241867,
  "away_l10_pts_avg": 0.010284416377544403,
  "away_l10_pts_allowed_avg": 0.018187008798122406,
  "away_l10_1h_pts_avg": 0.010693632997572422,
  "away_l10_1h_allowed_avg": 0.010145445354282856,
  "away_rest_days": 0.008117969147861004,
  "away_b2b": 0.00645717466250062,
  "away_games_7d": 0.00787713285535574,
  "away_injury_impact": 0.0,
  "away_injured_count": 0.0,
  "away_player_pts_avg": 0.010280152782797813,
  "away_player_ast_avg": 0.008512749336659908,
  "away_player_reb_avg": 0.009287749417126179,
  "away_player_fg_pct": 0.00824008695781231,
  "away_player_3pt_pct": 0.009444856084883213,
  "away_starter_pts_avg": 0.008182776160538197,
  "away_bench_pts_avg": 0.00936276838183403,
  "away_bench_ratio": 0.010158592835068703,
  "away_min_std": 0.01078448724001646,
  "away_q1_avg": 0.009373383596539497,
  "away_q3_avg": 0.0103743402287364,
  "home_venue_ppg": 0.009375588037073612,
  "home_venue_oppg": 0.00865677185356617,
  "home_win_streak": 0.009892307221889496,
  "home_l5_record": 0.008479706011712551,
  "home_l10_record": 0.007368301972746849,
  "away_venue_ppg": 0.010575756430625916,
  "away_venue_oppg": 0.01096916850656271,
  "away_win_streak": 0.009415144100785255,
  "away_l5_record": 0.009030977264046669,
  "away_l10_record": 0.012178460136055946,
  "expected_pace": 0.015746846795082092,
  "pace_diff": 0.009658409282565117,
  "season_progress": 0.008598292246460915,
  "home_elo": 0.010684752836823463,
  "away_elo": 0.008249661885201931,
  "elo_diff": 0.010849964804947376,
  "h2h_win_pct": 0.008695804513990879,
  "h2h_avg_margin": 0.010497267358005047,
  "tz_diff": 0.009106490761041641,
  "home_adj_off": 0.009076297283172607,
  "home_adj_def": 0.007293618284165859,
  "rest_diff": 0.008452897891402245,
  "mkt_spread_avg": 0.0,
  "mkt_spread_std": 0.0,
  "mkt_total_avg": 0.0,
  "mkt_total_std": 0.0,
  "mkt_home_ml_prob": 0.0,
  "mkt_1h_spread_avg": 0.0,
  "mkt_1h_total_avg": 0.0,
  "mkt_1h_home_ml_prob": 0.0,
  "sharp_spread": 0.0,
  "square_spread": 0.0,
  "sharp_square_spread_diff": 0.0,
  "sharp_total": 0.0,
  "square_total": 0.0,
  "sharp_square_total_diff": 0.0,
  "sharp_ml_prob": 0.0,
  "square_ml_prob": 0.0,
  "sharp_square_ml_diff": 0.0,
  "spread_move": 0.0,
  "total_move": 0.0,
  "rlm_flag": 0.0,
  "prop_pts_lines_count": 0.0,
  "prop_pts_avg_line": 0.0,
  "prop_ast_avg_line": 0.0,
  "prop_reb_avg_line": 0.0,
  "prop_threes_avg_line": 0.0,
  "prop_blk_avg_line": 0.0,
  "prop_stl_avg_line": 0.0,
  "prop_tov_avg_line": 0.0,
  "prop_pra_avg_line": 0.0,
  "prop_dd_count": 0.0,
  "prop_td_count": 0.0,
  "prop_sharp_square_diff": 0.0,
  "matchup_3pt_diff": 0.008882014080882072,
  "situational_urgency": 0.011944880709052086,
  "pace_x_3pt_diff": 0.008099825121462345,
  "elo_x_rest": 0.01103020366281271,
  "injury_diff": 0.0,
  "venue_scoring_edge": 0.00901133194565773,
  "off_def_mismatch": 0.008586818352341652,
  "streak_diff": 0.010454664006829262
}