{
  "away_oppg": 0.059971071779727936,
  "home_b2b": 0.0269591324031353,
  "home_ppg": 0.02364533767104149,
  "expected_pace": 0.02288651652634144,
  "away_b2b": 0.020998448133468628,
  "away_win_pct": 0.02031465619802475,
  "away_venue_ppg": 0.017941251397132874,
  "away_l10_pts_allowed_avg": 0.016988063231110573,
  "season_progress": 0.015400568023324013,
  "home_l5_pts_allowed_avg": 0.015276764519512653,
  "away_pace": 0.015217146836221218,
  "elo_diff": 0.015196388587355614,
  "home_oppg": 0.013388057239353657,
  "home_wins": 0.01334051601588726,
  "home_win_pct": 0.013298476114869118,
  "home_bench_ratio": 0.012293951585888863,
  "away_losses": 0.012077121995389462,
  "away_win_streak": 0.012066738680005074,
  "away_l5_pts_allowed_avg": 0.012005246244370937,
  "home_l10_record": 0.011891383677721024
}