{
  "home_ppg": 0.05965694040060043,
  "home_oppg": 0.0023940608371049166,
  "home_wins": 0.0019645930733531713,
  "home_losses": 0.010064278729259968,
  "home_pace": 0.017018811777234077,
  "home_off_rating": 0.0,
  "home_def_rating": 0.0,
  "home_win_pct": 0.0,
  "home_l5_pts_avg": 0.0064720516093075275,
  "home_l5_pts_allowed_avg": 0.00321054900996387,
  "home_l5_1h_pts_avg": 0.005292413290590048,
  "home_l5_1h_allowed_avg": 0.005904409568756819,
  "home_l10_pts_avg": 0.01033741794526577,
  "home_l10_pts_allowed_avg": 0.008004127070307732,
  "home_l10_1h_pts_avg": 0.011474350467324257,
  "home_l10_1h_allowed_avg": 0.014127158559858799,
  "home_rest_days": 0.007281102705746889,
  "home_b2b": 0.0,
  "home_games_7d": 0.005433822516351938,
  "home_injury_impact": 0.0,
  "home_injured_count": 0.0,
  "home_player_pts_avg": 0.012691235169768333,
  "home_player_ast_avg": 0.005673740990459919,
  "home_player_reb_avg": 0.014299626462161541,
  "home_player_fg_pct": 0.00541550200432539,
  "home_player_3pt_pct": 0.0,
  "home_starter_pts_avg": 0.008678844198584557,
  "home_bench_pts_avg": 0.00886145792901516,
  "home_bench_ratio": 0.015292472206056118,
  "home_min_std": 0.004109746776521206,
  "home_q1_avg": 0.007747618015855551,
  "home_q3_avg": 0.007762620225548744,
  "away_ppg": 0.0,
  "away_oppg": 0.0576312355697155,
  "away_wins": 0.006780458614230156,
  "away_losses": 0.0,
  "away_pace": 0.0,
  "away_off_rating": 0.07303405553102493,
  "away_def_rating": 0.0,
  "away_win_pct": 0.04226452484726906,
  "away_l5_pts_avg": 0.009646957740187645,
  "away_l5_pts_allowed_avg": 0.006410499103367329,
  "away_l5_1h_pts_avg": 0.007993964478373528,
  "away_l5_1h_allowed_avg": 0.009302929043769836,
  "away_l10_pts_avg": 0.0127037912607193,
  "away_l10_pts_allowed_avg": 0.008366551250219345,
  "away_l10_1h_pts_avg": 0.006342080421745777,
  "away_l10_1h_allowed_avg": 0.0,
  "away_rest_days": 0.0,
  "away_b2b": 0.004991982597857714,
  "away_games_7d": 0.0,
  "away_injury_impact": 0.0,
  "away_injured_count": 0.0,
  "away_player_pts_avg": 0.010031299665570259,
  "away_player_ast_avg": 0.006432619411498308,
  "away_player_reb_avg": 0.01123412512242794,
  "away_player_fg_pct": 0.027691366150975227,
  "away_player_3pt_pct": 0.008858269080519676,
  "away_starter_pts_avg": 0.013871215283870697,
  "away_bench_pts_avg": 0.015442411415278912,
  "away_bench_ratio": 0.010980094783008099,
  "away_min_std": 0.011403887532651424,
  "away_q1_avg": 0.010666956193745136,
  "away_q3_avg": 0.009257168509066105,
  "home_venue_ppg": 0.01552989799529314,
  "home_venue_oppg": 0.00756427925080061,
  "home_win_streak": 0.006628762930631638,
  "home_l5_record": 0.01609358750283718,
  "home_l10_record": 0.0063868300057947636,
  "away_venue_ppg": 0.005809935741126537,
  "away_venue_oppg": 0.004847551230341196,
  "away_win_streak": 0.008252281695604324,
  "away_l5_record": 0.0,
  "away_l10_record": 0.010570758953690529,
  "expected_pace": 0.02298547886312008,
  "pace_diff": 0.00724284490570426,
  "season_progress": 0.005545427091419697,
  "home_elo": 0.0,
  "away_elo": 0.026945672929286957,
  "elo_diff": 0.016964014619588852,
  "h2h_win_pct": 0.009556128643453121,
  "h2h_avg_margin": 0.0,
  "tz_diff": 0.0,
  "home_adj_off": 0.005004985723644495,
  "home_adj_def": 0.0,
  "rest_diff": 0.008374154567718506,
  "mkt_spread_avg": 0.0,
  "mkt_spread_std": 0.0,
  "mkt_total_avg": 0.0,
  "mkt_total_std": 0.0,
  "mkt_home_ml_prob": 0.0,
  "mkt_1h_spread_avg": 0.0,
  "mkt_1h_total_avg": 0.0,
  "mkt_1h_home_ml_prob": 0.0,
  "sharp_spread": 0.0,
  "square_spread": 0.0,
  "sharp_square_spread_diff": 0.0,
  "sharp_total": 0.0,
  "square_total": 0.0,
  "sharp_square_total_diff": 0.0,
  "sharp_ml_prob": 0.0,
  "square_ml_prob": 0.0,
  "sharp_square_ml_diff": 0.0,
  "spread_move": 0.0,
  "total_move": 0.0,
  "rlm_flag": 0.0,
  "prop_pts_lines_count": 0.0,
  "prop_pts_avg_line": 0.0,
  "prop_ast_avg_line": 0.0,
  "prop_reb_avg_line": 0.0,
  "prop_threes_avg_line": 0.0,
  "prop_blk_avg_line": 0.0,
  "prop_stl_avg_line": 0.0,
  "prop_tov_avg_line": 0.0,
  "prop_pra_avg_line": 0.0,
  "prop_dd_count": 0.0,
  "prop_td_count": 0.0,
  "prop_sharp_square_diff": 0.0,
  "matchup_3pt_diff": 0.004871954210102558,
  "situational_urgency": 0.0,
  "pace_x_3pt_diff": 0.007201653439551592,
  "elo_x_rest": 0.0,
  "injury_diff": 0.0,
  "venue_scoring_edge": 0.01244480349123478,
  "off_def_mismatch": 0.019753500819206238,
  "streak_diff": 0.02372237667441368,
  "home_l5_pts_wavg": 0.011466460302472115,
  "home_l5_pts_allowed_wavg": 0.0,
  "home_l10_pts_wavg": 0.03230438381433487,
  "home_l10_pts_allowed_wavg": 0.008175577968358994,
  "away_l5_pts_wavg": 0.006126502063125372,
  "away_l5_pts_allowed_wavg": 0.014390944503247738,
  "away_l10_pts_wavg": 0.0,
  "away_l10_pts_allowed_wavg": 0.0,
  "pace_x_mkt_total": 0.0,
  "recent_form_diff": 0.015184459276497364,
  "def_matchup_diff": 0.0,
  "market_elo_disagreement": 0.0,
  "home_fatigue_scoring": 0.010845203883945942,
  "away_fatigue_scoring": 0.00870218314230442
}