{
  "home_ppg": 0.02364533767104149,
  "home_oppg": 0.013388057239353657,
  "home_wins": 0.01334051601588726,
  "home_losses": 0.010097567923367023,
  "home_pace": 0.009722961112856865,
  "home_off_rating": 0.00643672700971365,
  "home_def_rating": 0.003966383635997772,
  "home_win_pct": 0.013298476114869118,
  "home_l5_pts_avg": 0.008928705006837845,
  "home_l5_pts_allowed_avg": 0.015276764519512653,
  "home_l5_1h_pts_avg": 0.01009461935609579,
  "home_l5_1h_allowed_avg": 0.009895376861095428,
  "home_l10_pts_avg": 0.009314465336501598,
  "home_l10_pts_allowed_avg": 0.01111858431249857,
  "home_l10_1h_pts_avg": 0.009635885246098042,
  "home_l10_1h_allowed_avg": 0.010475077666342258,
  "home_rest_days": 0.009152822196483612,
  "home_b2b": 0.0269591324031353,
  "home_games_7d": 0.009669231250882149,
  "home_injury_impact": 0.0,
  "home_injured_count": 0.0,
  "home_player_pts_avg": 0.00793518591672182,
  "home_player_ast_avg": 0.011344023048877716,
  "home_player_reb_avg": 0.011266318149864674,
  "home_player_fg_pct": 0.007524133659899235,
  "home_player_3pt_pct": 0.007880606688559055,
  "home_starter_pts_avg": 0.009690721519291401,
  "home_bench_pts_avg": 0.011271558701992035,
  "home_bench_ratio": 0.012293951585888863,
  "home_min_std": 0.008108081296086311,
  "home_q1_avg": 0.009001955389976501,
  "home_q3_avg": 0.007440359331667423,
  "away_ppg": 0.009462029673159122,
  "away_oppg": 0.059971071779727936,
  "away_wins": 0.011753489263355732,
  "away_losses": 0.012077121995389462,
  "away_pace": 0.015217146836221218,
  "away_off_rating": 0.006182661280035973,
  "away_def_rating": 0.0016807694919407368,
  "away_win_pct": 0.02031465619802475,
  "away_l5_pts_avg": 0.010658154264092445,
  "away_l5_pts_allowed_avg": 0.012005246244370937,
  "away_l5_1h_pts_avg": 0.01128328125923872,
  "away_l5_1h_allowed_avg": 0.008896530605852604,
  "away_l10_pts_avg": 0.009726029820740223,
  "away_l10_pts_allowed_avg": 0.016988063231110573,
  "away_l10_1h_pts_avg": 0.009964663535356522,
  "away_l10_1h_allowed_avg": 0.009266691282391548,
  "away_rest_days": 0.011832871474325657,
  "away_b2b": 0.020998448133468628,
  "away_games_7d": 0.008910072967410088,
  "away_injury_impact": 0.0,
  "away_injured_count": 0.0,
  "away_player_pts_avg": 0.00796755775809288,
  "away_player_ast_avg": 0.008671839721500874,
  "away_player_reb_avg": 0.008760230615735054,
  "away_player_fg_pct": 0.007976622320711613,
  "away_player_3pt_pct": 0.00898925680667162,
  "away_starter_pts_avg": 0.00980678852647543,
  "away_bench_pts_avg": 0.007637334056198597,
  "away_bench_ratio": 0.009867396205663681,
  "away_min_std": 0.010396548546850681,
  "away_q1_avg": 0.009073314256966114,
  "away_q3_avg": 0.010372444055974483,
  "home_venue_ppg": 0.00959277804940939,
  "home_venue_oppg": 0.010507822036743164,
  "home_win_streak": 0.010661782696843147,
  "home_l5_record": 0.00730232335627079,
  "home_l10_record": 0.011891383677721024,
  "away_venue_ppg": 0.017941251397132874,
  "away_venue_oppg": 0.01050370093435049,
  "away_win_streak": 0.012066738680005074,
  "away_l5_record": 0.010022461414337158,
  "away_l10_record": 0.00762068061158061,
  "expected_pace": 0.02288651652634144,
  "pace_diff": 0.009409116581082344,
  "season_progress": 0.015400568023324013,
  "home_elo": 0.005293278954923153,
  "away_elo": 0.005330490879714489,
  "elo_diff": 0.015196388587355614,
  "h2h_win_pct": 0.008749202825129032,
  "h2h_avg_margin": 0.010216198861598969,
  "tz_diff": 0.010577110573649406,
  "home_adj_off": 0.009764954447746277,
  "home_adj_def": 0.011038035154342651,
  "rest_diff": 0.00921563059091568,
  "ref_avg_pts": 0.0,
  "ref_home_win_pct_bias": 0.0,
  "ref_over_pct": 0.0,
  "mkt_spread_avg": 0.0,
  "mkt_spread_std": 0.0,
  "mkt_total_avg": 0.0,
  "mkt_total_std": 0.0,
  "mkt_home_ml_prob": 0.0,
  "mkt_1h_spread_avg": 0.0,
  "mkt_1h_total_avg": 0.0,
  "mkt_1h_home_ml_prob": 0.0,
  "sharp_spread": 0.0,
  "square_spread": 0.0,
  "sharp_square_spread_diff": 0.0,
  "sharp_total": 0.0,
  "square_total": 0.0,
  "sharp_square_total_diff": 0.0,
  "sharp_ml_prob": 0.0,
  "square_ml_prob": 0.0,
  "sharp_square_ml_diff": 0.0,
  "spread_move": 0.0,
  "total_move": 0.0,
  "rlm_flag": 0.0,
  "prop_pts_lines_count": 0.0,
  "prop_pts_avg_line": 0.0,
  "prop_ast_avg_line": 0.0,
  "prop_reb_avg_line": 0.0,
  "prop_threes_avg_line": 0.0,
  "prop_blk_avg_line": 0.0,
  "prop_stl_avg_line": 0.0,
  "prop_tov_avg_line": 0.0,
  "prop_pra_avg_line": 0.0,
  "prop_dd_count": 0.0,
  "prop_td_count": 0.0,
  "prop_sharp_square_diff": 0.0,
  "matchup_3pt_diff": 0.009190777316689491,
  "situational_urgency": 0.007123325951397419,
  "pace_x_3pt_diff": 0.009105516597628593,
  "elo_x_rest": 0.009635068476200104,
  "injury_diff": 0.0,
  "venue_scoring_edge": 0.008909610100090504,
  "off_def_mismatch": 0.010378669947385788,
  "streak_diff": 0.00958672259002924
}