{
  "home_ppg": 0.009871290065348148,
  "home_oppg": 0.008193030953407288,
  "home_wins": 0.011255249381065369,
  "home_losses": 0.0036253759171813726,
  "home_pace": 0.01320470031350851,
  "home_off_rating": 0.005528215318918228,
  "home_def_rating": 0.006286269053816795,
  "home_win_pct": 0.0053965626284480095,
  "home_l5_pts_avg": 0.008013617247343063,
  "home_l5_pts_allowed_avg": 0.006836375221610069,
  "home_l5_1h_pts_avg": 0.008345087058842182,
  "home_l5_1h_allowed_avg": 0.012380977161228657,
  "home_l10_pts_avg": 0.012866267003118992,
  "home_l10_pts_allowed_avg": 0.006151263602077961,
  "home_l10_1h_pts_avg": 0.011079440824687481,
  "home_l10_1h_allowed_avg": 0.007441858761012554,
  "home_rest_days": 0.012790916487574577,
  "home_b2b": 0.0,
  "home_games_7d": 0.008187904953956604,
  "home_injury_impact": 0.0,
  "home_injured_count": 0.0,
  "home_player_pts_avg": 0.010354675352573395,
  "home_player_ast_avg": 0.007975639775395393,
  "home_player_reb_avg": 0.01138121634721756,
  "home_player_fg_pct": 0.0086887888610363,
  "home_player_3pt_pct": 0.005955757573246956,
  "home_starter_pts_avg": 0.00865241140127182,
  "home_bench_pts_avg": 0.00930008850991726,
  "home_bench_ratio": 0.006923114415258169,
  "home_min_std": 0.006866839248687029,
  "home_q1_avg": 0.007037917152047157,
  "home_q3_avg": 0.006852549966424704,
  "away_ppg": 0.00721990829333663,
  "away_oppg": 0.03790771961212158,
  "away_wins": 0.009146463125944138,
  "away_losses": 0.03972120210528374,
  "away_pace": 0.030089735984802246,
  "away_off_rating": 0.02536829188466072,
  "away_def_rating": 0.020854022353887558,
  "away_win_pct": 0.00422334298491478,
  "away_l5_pts_avg": 0.009663627482950687,
  "away_l5_pts_allowed_avg": 0.010410637594759464,
  "away_l5_1h_pts_avg": 0.008985308930277824,
  "away_l5_1h_allowed_avg": 0.008756165392696857,
  "away_l10_pts_avg": 0.009246216155588627,
  "away_l10_pts_allowed_avg": 0.008473536930978298,
  "away_l10_1h_pts_avg": 0.006965617649257183,
  "away_l10_1h_allowed_avg": 0.010702078230679035,
  "away_rest_days": 0.004624216351658106,
  "away_b2b": 0.0,
  "away_games_7d": 0.007542906329035759,
  "away_injury_impact": 0.0,
  "away_injured_count": 0.0,
  "away_player_pts_avg": 0.008435485884547234,
  "away_player_ast_avg": 0.00881878286600113,
  "away_player_reb_avg": 0.00763923954218626,
  "away_player_fg_pct": 0.010423511266708374,
  "away_player_3pt_pct": 0.007321136072278023,
  "away_starter_pts_avg": 0.010049069300293922,
  "away_bench_pts_avg": 0.008431904949247837,
  "away_bench_ratio": 0.006762072443962097,
  "away_min_std": 0.009706410579383373,
  "away_q1_avg": 0.006646533031016588,
  "away_q3_avg": 0.006991580128669739,
  "home_venue_ppg": 0.009376617148518562,
  "home_venue_oppg": 0.00891739223152399,
  "home_win_streak": 0.008837217465043068,
  "home_l5_record": 0.003920203540474176,
  "home_l10_record": 0.005589195527136326,
  "away_venue_ppg": 0.006732588168233633,
  "away_venue_oppg": 0.005792324431240559,
  "away_win_streak": 0.01133801881223917,
  "away_l5_record": 0.014733251184225082,
  "away_l10_record": 0.011856602504849434,
  "expected_pace": 0.028825879096984863,
  "pace_diff": 0.007291919551789761,
  "season_progress": 0.005828914698213339,
  "home_elo": 0.010578683577477932,
  "away_elo": 0.024575188755989075,
  "elo_diff": 0.01931014470756054,
  "h2h_win_pct": 0.005490770097821951,
  "h2h_avg_margin": 0.006901937071233988,
  "tz_diff": 0.007967012003064156,
  "home_adj_off": 0.007306231185793877,
  "home_adj_def": 0.008833862841129303,
  "rest_diff": 0.007851867005228996,
  "prop_pts_lines_count": 0.0,
  "prop_dd_count": 0.0,
  "prop_td_count": 0.0,
  "matchup_3pt_diff": 0.007136313710361719,
  "situational_urgency": 0.007632817607372999,
  "pace_x_3pt_diff": 0.006971629802137613,
  "elo_x_rest": 0.008039983920753002,
  "injury_diff": 0.0,
  "venue_scoring_edge": 0.013971454463899136,
  "off_def_mismatch": 0.005951347760856152,
  "streak_diff": 0.010208507999777794,
  "home_l5_pts_wavg": 0.0067403269931674,
  "home_l5_pts_allowed_wavg": 0.007297377567738295,
  "home_l10_pts_wavg": 0.01800534501671791,
  "home_l10_pts_allowed_wavg": 0.007567156571894884,
  "away_l5_pts_wavg": 0.0082329623401165,
  "away_l5_pts_allowed_wavg": 0.012242122553288937,
  "away_l10_pts_wavg": 0.006214085966348648,
  "away_l10_pts_allowed_wavg": 0.006648822221904993,
  "recent_form_diff": 0.006651055533438921,
  "def_matchup_diff": 0.008406030014157295,
  "home_fatigue_scoring": 0.01507438812404871,
  "away_fatigue_scoring": 0.01058229710906744
}