{
  "home_ppg": 0.006825707852840424,
  "home_oppg": 0.00664885388687253,
  "home_wins": 0.0,
  "home_losses": 0.009246516972780228,
  "home_pace": 0.01222692709416151,
  "home_off_rating": 0.0,
  "home_def_rating": 0.0008915683720260859,
  "home_win_pct": 0.0,
  "home_l5_pts_avg": 0.008473572321236134,
  "home_l5_pts_allowed_avg": 0.022619005292654037,
  "home_l5_1h_pts_avg": 0.059849269688129425,
  "home_l5_1h_allowed_avg": 0.014225666411221027,
  "home_l10_pts_avg": 0.020015394315123558,
  "home_l10_pts_allowed_avg": 0.006089877337217331,
  "home_l10_1h_pts_avg": 0.027952224016189575,
  "home_l10_1h_allowed_avg": 0.01473809964954853,
  "home_rest_days": 0.006247689947485924,
  "home_b2b": 0.0,
  "home_games_7d": 0.0,
  "home_injury_impact": 0.0,
  "home_injured_count": 0.0,
  "home_player_pts_avg": 0.01210298016667366,
  "home_player_ast_avg": 0.004938324447721243,
  "home_player_reb_avg": 0.010751713998615742,
  "home_player_fg_pct": 0.006551113445311785,
  "home_player_3pt_pct": 0.00492306100204587,
  "home_starter_pts_avg": 0.011136549524962902,
  "home_bench_pts_avg": 0.008131284266710281,
  "home_bench_ratio": 0.007636419963091612,
  "home_min_std": 0.004535704851150513,
  "home_q1_avg": 0.013706236146390438,
  "home_q3_avg": 0.00738000962883234,
  "away_ppg": 0.0,
  "away_oppg": 0.0413363054394722,
  "away_wins": 0.0004633744538296014,
  "away_losses": 0.07570523768663406,
  "away_pace": 0.0,
  "away_off_rating": 0.017433222383260727,
  "away_def_rating": 0.0,
  "away_win_pct": 0.0,
  "away_l5_pts_avg": 0.006628313101828098,
  "away_l5_pts_allowed_avg": 0.009796388447284698,
  "away_l5_1h_pts_avg": 0.005977301858365536,
  "away_l5_1h_allowed_avg": 0.009189819917082787,
  "away_l10_pts_avg": 0.010465944185853004,
  "away_l10_pts_allowed_avg": 0.009527591057121754,
  "away_l10_1h_pts_avg": 0.009318307973444462,
  "away_l10_1h_allowed_avg": 0.012207531370222569,
  "away_rest_days": 0.003914996050298214,
  "away_b2b": 0.0,
  "away_games_7d": 0.008712542243301868,
  "away_injury_impact": 0.0,
  "away_injured_count": 0.0,
  "away_player_pts_avg": 0.006965007167309523,
  "away_player_ast_avg": 0.00670482125133276,
  "away_player_reb_avg": 0.008555055595934391,
  "away_player_fg_pct": 0.00854492373764515,
  "away_player_3pt_pct": 0.0077384961768984795,
  "away_starter_pts_avg": 0.008764268830418587,
  "away_bench_pts_avg": 0.0079075638204813,
  "away_bench_ratio": 0.007564970757812262,
  "away_min_std": 0.007803969085216522,
  "away_q1_avg": 0.008579961955547333,
  "away_q3_avg": 0.01060529239475727,
  "home_venue_ppg": 0.010257598012685776,
  "home_venue_oppg": 0.00842803530395031,
  "home_win_streak": 0.0,
  "home_l5_record": 0.0,
  "home_l10_record": 0.009662818163633347,
  "away_venue_ppg": 0.010597403161227703,
  "away_venue_oppg": 0.02259780839085579,
  "away_win_streak": 0.0,
  "away_l5_record": 0.008248982019722462,
  "away_l10_record": 0.01829526200890541,
  "expected_pace": 0.02095727063715458,
  "pace_diff": 0.006462376564741135,
  "season_progress": 0.006859676446765661,
  "home_elo": 0.0,
  "away_elo": 0.056277453899383545,
  "elo_diff": 0.019722379744052887,
  "h2h_win_pct": 0.008535844273865223,
  "h2h_avg_margin": 0.008993490599095821,
  "tz_diff": 0.0,
  "home_adj_off": 0.01009027473628521,
  "home_adj_def": 0.0044481889344751835,
  "rest_diff": 0.0,
  "mkt_spread_avg": 0.0,
  "mkt_spread_std": 0.0,
  "mkt_total_avg": 0.0,
  "mkt_total_std": 0.0,
  "mkt_home_ml_prob": 0.0,
  "mkt_1h_spread_avg": 0.0,
  "mkt_1h_total_avg": 0.0,
  "mkt_1h_home_ml_prob": 0.0,
  "sharp_spread": 0.0,
  "square_spread": 0.0,
  "sharp_square_spread_diff": 0.0,
  "sharp_total": 0.0,
  "square_total": 0.0,
  "sharp_square_total_diff": 0.0,
  "sharp_ml_prob": 0.0,
  "square_ml_prob": 0.0,
  "sharp_square_ml_diff": 0.0,
  "spread_move": 0.0,
  "total_move": 0.0,
  "rlm_flag": 0.0,
  "prop_pts_lines_count": 0.0,
  "prop_pts_avg_line": 0.0,
  "prop_ast_avg_line": 0.0,
  "prop_reb_avg_line": 0.0,
  "prop_threes_avg_line": 0.0,
  "prop_blk_avg_line": 0.0,
  "prop_stl_avg_line": 0.0,
  "prop_tov_avg_line": 0.0,
  "prop_pra_avg_line": 0.0,
  "prop_dd_count": 0.0,
  "prop_td_count": 0.0,
  "prop_sharp_square_diff": 0.0,
  "matchup_3pt_diff": 0.006041768006980419,
  "situational_urgency": 0.013825889676809311,
  "pace_x_3pt_diff": 0.0029864953830838203,
  "elo_x_rest": 0.007163665723055601,
  "injury_diff": 0.0,
  "venue_scoring_edge": 0.00974279548972845,
  "off_def_mismatch": 0.0,
  "streak_diff": 0.00993114709854126,
  "home_l5_pts_wavg": 0.009025401435792446,
  "home_l5_pts_allowed_wavg": 0.006638496648520231,
  "home_l10_pts_wavg": 0.012901038862764835,
  "home_l10_pts_allowed_wavg": 0.014351528137922287,
  "away_l5_pts_wavg": 0.005772157106548548,
  "away_l5_pts_allowed_wavg": 0.008768935687839985,
  "away_l10_pts_wavg": 0.007176936604082584,
  "away_l10_pts_allowed_wavg": 0.007990503683686256,
  "pace_x_mkt_total": 0.0,
  "recent_form_diff": 0.010686048306524754,
  "def_matchup_diff": 0.0,
  "market_elo_disagreement": 0.0,
  "home_fatigue_scoring": 0.011770256794989109,
  "away_fatigue_scoring": 0.006537063047289848
}