{
  "home_ppg": 0.02374611236155033,
  "home_oppg": 0.010679436847567558,
  "home_wins": 0.007980769500136375,
  "home_losses": 0.011449380777776241,
  "home_pace": 0.012578506022691727,
  "home_off_rating": 0.012847024016082287,
  "home_def_rating": 0.0037783076986670494,
  "home_win_pct": 0.023578505963087082,
  "home_l5_pts_avg": 0.0128034558147192,
  "home_l5_pts_allowed_avg": 0.017454927787184715,
  "home_l5_1h_pts_avg": 0.013285509310662746,
  "home_l5_1h_allowed_avg": 0.009517882950603962,
  "home_l10_pts_avg": 0.010068152099847794,
  "home_l10_pts_allowed_avg": 0.013085964135825634,
  "home_l10_1h_pts_avg": 0.00962788611650467,
  "home_l10_1h_allowed_avg": 0.009802725166082382,
  "home_rest_days": 0.008802706375718117,
  "home_b2b": 0.0,
  "home_games_7d": 0.011148537509143353,
  "home_injury_impact": 0.0,
  "home_injured_count": 0.0,
  "home_player_pts_avg": 0.009082093834877014,
  "home_player_ast_avg": 0.010010097175836563,
  "home_player_reb_avg": 0.01143499743193388,
  "home_player_fg_pct": 0.011894992552697659,
  "home_player_3pt_pct": 0.010416803881525993,
  "home_starter_pts_avg": 0.010313822887837887,
  "home_bench_pts_avg": 0.013749494217336178,
  "home_bench_ratio": 0.01110272016376257,
  "home_min_std": 0.01139847468584776,
  "home_q1_avg": 0.009191766381263733,
  "home_q3_avg": 0.008644098415970802,
  "away_ppg": 0.010948773473501205,
  "away_oppg": 0.04635420814156532,
  "away_wins": 0.018196728080511093,
  "away_losses": 0.017651278525590897,
  "away_pace": 0.03461892902851105,
  "away_off_rating": 0.010465356521308422,
  "away_def_rating": 0.006890569813549519,
  "away_win_pct": 0.016857147216796875,
  "away_l5_pts_avg": 0.009851870127022266,
  "away_l5_pts_allowed_avg": 0.011371747590601444,
  "away_l5_1h_pts_avg": 0.011741764843463898,
  "away_l5_1h_allowed_avg": 0.011348073370754719,
  "away_l10_pts_avg": 0.011285228654742241,
  "away_l10_pts_allowed_avg": 0.01757030561566353,
  "away_l10_1h_pts_avg": 0.010267921723425388,
  "away_l10_1h_allowed_avg": 0.011031720787286758,
  "away_rest_days": 0.006464336533099413,
  "away_b2b": 0.00429203687235713,
  "away_games_7d": 0.012285917066037655,
  "away_injury_impact": 0.0,
  "away_injured_count": 0.0,
  "away_player_pts_avg": 0.011261592619121075,
  "away_player_ast_avg": 0.009622317738831043,
  "away_player_reb_avg": 0.012365342117846012,
  "away_player_fg_pct": 0.010139363817870617,
  "away_player_3pt_pct": 0.008212592452764511,
  "away_starter_pts_avg": 0.01084365975111723,
  "away_bench_pts_avg": 0.0066092489287257195,
  "away_bench_ratio": 0.012486053630709648,
  "away_min_std": 0.01353258267045021,
  "away_q1_avg": 0.010414566844701767,
  "away_q3_avg": 0.011207446455955505,
  "home_venue_ppg": 0.010496778413653374,
  "home_venue_oppg": 0.014114952646195889,
  "home_win_streak": 0.009629984386265278,
  "home_l5_record": 0.010027676820755005,
  "home_l10_record": 0.00956213753670454,
  "away_venue_ppg": 0.019549833610653877,
  "away_venue_oppg": 0.011208471842110157,
  "away_win_streak": 0.01073107123374939,
  "away_l5_record": 0.012994475662708282,
  "away_l10_record": 0.008083782158792019,
  "expected_pace": 0.01808076538145542,
  "pace_diff": 0.009849091060459614,
  "season_progress": 0.009610447101294994,
  "home_elo": 0.011764012277126312,
  "away_elo": 0.008710043504834175,
  "elo_diff": 0.017082272097468376,
  "h2h_win_pct": 0.011637331917881966,
  "h2h_avg_margin": 0.011054863221943378,
  "tz_diff": 0.00701508205384016,
  "home_adj_off": 0.008984149433672428,
  "home_adj_def": 0.005183804780244827,
  "rest_diff": 0.005851571913808584,
  "mkt_spread_avg": 0.0,
  "mkt_spread_std": 0.0,
  "mkt_total_avg": 0.0,
  "mkt_total_std": 0.0,
  "mkt_home_ml_prob": 0.0,
  "sharp_spread": 0.0,
  "square_spread": 0.0,
  "sharp_square_spread_diff": 0.0,
  "sharp_total": 0.0,
  "square_total": 0.0,
  "sharp_square_total_diff": 0.0,
  "sharp_ml_prob": 0.0,
  "square_ml_prob": 0.0,
  "sharp_square_ml_diff": 0.0,
  "spread_move": 0.0,
  "total_move": 0.0,
  "rlm_flag": 0.0,
  "prop_pts_lines_count": 0.0,
  "prop_pts_avg_line": 0.0,
  "prop_ast_avg_line": 0.0,
  "prop_reb_avg_line": 0.0,
  "prop_threes_avg_line": 0.0,
  "prop_pra_avg_line": 0.0,
  "prop_dd_count": 0.0,
  "prop_td_count": 0.0,
  "prop_sharp_square_diff": 0.0,
  "matchup_3pt_diff": 0.011384391225874424,
  "situational_urgency": 0.011729193851351738
}