{
  "home_ppg": 115.7,
  "home_oppg": 115.69999999999999,
  "home_wins": 45.0,
  "home_losses": 40.5,
  "home_pace": 103.2142857142857,
  "home_off_rating": 112.6566164154104,
  "home_def_rating": 111.34338358458963,
  "home_win_pct": 0.5263337893296853,
  "home_l5_pts_avg": 113.8,
  "home_l5_pts_allowed_avg": 114.0,
  "home_l5_1h_pts_avg": 57.6,
  "home_l5_1h_allowed_avg": 57.2,
  "home_l10_pts_avg": 114.0,
  "home_l10_pts_allowed_avg": 113.7,
  "home_l10_1h_pts_avg": 57.6,
  "home_l10_1h_allowed_avg": 57.333333333333336,
  "home_rest_days": 2.0,
  "home_b2b": 0.0,
  "home_games_7d": 4.0,
  "home_injury_impact": 0.0,
  "home_injured_count": 0.0,
  "home_player_pts_avg": 10.681818181818182,
  "home_player_ast_avg": 2.4634146341463414,
  "home_player_reb_avg": 4.119047619047619,
  "home_player_fg_pct": 54.97795414462081,
  "home_player_3pt_pct": 33.041383219954646,
  "home_starter_pts_avg": 79.2,
  "home_bench_pts_avg": 29.0,
  "home_bench_ratio": 0.260596546310832,
  "home_min_std": 9.930639455745032,
  "home_q1_avg": 29.0,
  "home_q3_avg": 29.1,
  "away_ppg": 115.7,
  "away_oppg": 115.8,
  "away_wins": 45.0,
  "away_losses": 41.0,
  "away_pace": 103.25892857142856,
  "away_off_rating": 112.59574468085107,
  "away_def_rating": 111.40425531914894,
  "away_win_pct": 0.5232558139534884,
  "away_l5_pts_avg": 114.1,
  "away_l5_pts_allowed_avg": 114.5,
  "away_l5_1h_pts_avg": 57.6,
  "away_l5_1h_allowed_avg": 58.0,
  "away_l10_pts_avg": 114.1625,
  "away_l10_pts_allowed_avg": 114.30000000000001,
  "away_l10_1h_pts_avg": 57.5,
  "away_l10_1h_allowed_avg": 57.9,
  "away_rest_days": 2.0,
  "away_b2b": 0.0,
  "away_games_7d": 4.0,
  "away_injury_impact": 0.0,
  "away_injured_count": 0.0,
  "away_player_pts_avg": 10.74,
  "away_player_ast_avg": 2.48,
  "away_player_reb_avg": 4.137254901960785,
  "away_player_fg_pct": 54.88400488400488,
  "away_player_3pt_pct": 33.46129017181649,
  "away_starter_pts_avg": 79.2,
  "away_bench_pts_avg": 29.4,
  "away_bench_ratio": 0.2672064777327935,
  "away_min_std": 9.608832762777183,
  "away_q1_avg": 29.0,
  "away_q3_avg": 29.0,
  "home_venue_ppg": 114.0,
  "home_venue_oppg": 112.46666666666667,
  "home_win_streak": 1.0,
  "home_l5_record": 2.0,
  "home_l10_record": 5.0,
  "away_venue_ppg": 113.27619047619048,
  "away_venue_oppg": 114.27619047619048,
  "away_win_streak": -1.0,
  "away_l5_record": 2.0,
  "away_l10_record": 4.0,
  "expected_pace": 103.125,
  "pace_diff": -0.0669642857142847,
  "season_progress": 1.0365853658536586,
  "home_elo": 1533.8027584387253,
  "away_elo": 1530.3681484591896,
  "elo_diff": 0.7941582698510956,
  "h2h_win_pct": 0.5,
  "h2h_avg_margin": -2.0,
  "tz_diff": 1.0,
  "home_adj_off": 0.1677595851799225,
  "home_adj_def": 0.1677595851799154,
  "rest_diff": 0.0,
  "mkt_spread_avg": -5.712121212121212,
  "mkt_spread_std": 0.3265703591050225,
  "mkt_total_avg": 230.86764705882354,
  "mkt_total_std": 0.4558028440970729,
  "mkt_home_ml_prob": 0.7733778625954199,
  "mkt_1h_spread_avg": -4.714285714285714,
  "mkt_1h_total_avg": 115.34615384615384,
  "mkt_1h_home_ml_prob": 0.7431192660550459,
  "sharp_spread": -5.5,
  "square_spread": -5.888888888888889,
  "sharp_square_spread_diff": 0.09999999999999964,
  "sharp_total": 228.5,
  "square_total": 231.16666666666666,
  "sharp_square_total_diff": 0.0,
  "sharp_ml_prob": 0.6715918895599655,
  "square_ml_prob": 0.6900912585161673,
  "sharp_square_ml_diff": -0.006274948788560608,
  "spread_move": 0.0,
  "total_move": 0.0,
  "rlm_flag": 0.0,
  "prop_pts_lines_count": 0.0,
  "prop_pts_avg_line": 18.166666666666668,
  "prop_ast_avg_line": 5.5,
  "prop_reb_avg_line": 5.833333333333333,
  "prop_threes_avg_line": 2.1363636363636362,
  "prop_blk_avg_line": 0.9,
  "prop_stl_avg_line": 1.1666666666666667,
  "prop_tov_avg_line": 2.5,
  "prop_pra_avg_line": 30.61764705882353,
  "prop_dd_count": 0.0,
  "prop_td_count": 0.0,
  "prop_sharp_square_diff": -3.5,
  "matchup_3pt_diff": -0.167658608448086,
  "situational_urgency": 0.0,
  "pace_x_3pt_diff": -17.110218764501347,
  "elo_x_rest": 0.0,
  "injury_diff": 0.0,
  "venue_scoring_edge": 0.6030303030303017,
  "off_def_mismatch": 0.0,
  "streak_diff": 0.0,
  "home_l5_pts_wavg": 113.75666355525951,
  "home_l5_pts_allowed_wavg": 113.8385326654346,
  "home_l10_pts_wavg": 114.17258319592244,
  "home_l10_pts_allowed_wavg": 113.72006863390808,
  "away_l5_pts_wavg": 114.12494447258841,
  "away_l5_pts_allowed_wavg": 114.6751632091443,
  "away_l10_pts_wavg": 114.0729460776912,
  "away_l10_pts_allowed_wavg": 113.94822510503879,
  "pace_x_mkt_total": 23737.28400735294,
  "recent_form_diff": -0.4186619149632662,
  "def_matchup_diff": 0.0,
  "market_elo_disagreement": -4.677041982817574,
  "home_fatigue_scoring": 460.8,
  "away_fatigue_scoring": 461.2
}