{
  "home_ppg": 115.6,
  "home_oppg": 114.9,
  "home_wins": 43.0,
  "home_losses": 39.0,
  "home_pace": 103.39285714285714,
  "home_off_rating": 112.65827036104116,
  "home_def_rating": 111.34172963895888,
  "home_win_pct": 0.5375,
  "home_l5_pts_avg": 113.8,
  "home_l5_pts_allowed_avg": 113.8,
  "home_l5_1h_pts_avg": 57.6,
  "home_l5_1h_allowed_avg": 57.6,
  "home_l10_pts_avg": 114.0,
  "home_l10_pts_allowed_avg": 113.8,
  "home_l10_1h_pts_avg": 57.6,
  "home_l10_1h_allowed_avg": 57.63333333333333,
  "home_rest_days": 2.0,
  "home_b2b": 0.0,
  "home_games_7d": 4.0,
  "home_injury_impact": 0.0,
  "home_injured_count": 0.0,
  "home_player_pts_avg": 10.789452495974235,
  "home_player_ast_avg": 2.4555335968379444,
  "home_player_reb_avg": 4.1,
  "home_player_fg_pct": 53.78494190994191,
  "home_player_3pt_pct": 33.047942986718496,
  "home_starter_pts_avg": 78.0,
  "home_bench_pts_avg": 22.325,
  "home_bench_ratio": 0.22083476261967028,
  "home_min_std": 10.12621083744709,
  "home_q1_avg": 29.0,
  "home_q3_avg": 28.9,
  "away_ppg": 115.6,
  "away_oppg": 114.9,
  "away_wins": 43.0,
  "away_losses": 39.0,
  "away_pace": 103.16964285714285,
  "away_off_rating": 112.6811468288445,
  "away_def_rating": 111.31885317115554,
  "away_win_pct": 0.5375,
  "away_l5_pts_avg": 114.2,
  "away_l5_pts_allowed_avg": 114.4,
  "away_l5_1h_pts_avg": 57.6,
  "away_l5_1h_allowed_avg": 57.8,
  "away_l10_pts_avg": 114.1,
  "away_l10_pts_allowed_avg": 114.3,
  "away_l10_1h_pts_avg": 57.7,
  "away_l10_1h_allowed_avg": 57.6,
  "away_rest_days": 2.0,
  "away_b2b": 0.0,
  "away_games_7d": 4.0,
  "away_injury_impact": 0.0,
  "away_injured_count": 0.0,
  "away_player_pts_avg": 10.816985645933014,
  "away_player_ast_avg": 2.469987995198079,
  "away_player_reb_avg": 4.118118466898954,
  "away_player_fg_pct": 53.94507928108774,
  "away_player_3pt_pct": 33.27146927146927,
  "away_starter_pts_avg": 78.2,
  "away_bench_pts_avg": 22.333333333333332,
  "away_bench_ratio": 0.21948892198845654,
  "away_min_std": 10.024217594318138,
  "away_q1_avg": 29.0,
  "away_q3_avg": 28.9,
  "home_venue_ppg": 114.93333333333334,
  "home_venue_oppg": 112.93333333333334,
  "home_win_streak": 1.0,
  "home_l5_record": 2.0,
  "home_l10_record": 5.0,
  "away_venue_ppg": 113.0,
  "away_venue_oppg": 114.66666666666667,
  "away_win_streak": -1.0,
  "away_l5_record": 2.0,
  "away_l10_record": 5.0,
  "expected_pace": 103.05803571428571,
  "pace_diff": 0.044642857142875414,
  "season_progress": 0.975609756097561,
  "home_elo": 1525.6577444422464,
  "away_elo": 1525.6577444422464,
  "elo_diff": -0.08010852669224278,
  "h2h_win_pct": 0.5,
  "h2h_avg_margin": -1.0,
  "tz_diff": 1.0,
  "home_adj_off": 0.08354413958616647,
  "home_adj_def": 0.08354413958616647,
  "rest_diff": 0.0,
  "ref_avg_pts": 0.0,
  "ref_home_win_pct_bias": 0.0,
  "ref_over_pct": 0.0,
  "mkt_spread_avg": -3.566666666666667,
  "mkt_spread_std": 2.6626126591826127,
  "mkt_total_avg": 229.01923076923077,
  "mkt_total_std": 3.35489298229629,
  "mkt_home_ml_prob": 0.5,
  "mkt_1h_spread_avg": -0.2222222222222222,
  "mkt_1h_total_avg": 117.21875,
  "mkt_1h_home_ml_prob": 0.5,
  "sharp_spread": -3.566666666666667,
  "square_spread": -3.25,
  "sharp_square_spread_diff": 0.08035714285714235,
  "sharp_total": 229.01923076923077,
  "square_total": 229.41666666666666,
  "sharp_square_total_diff": 0.15412186379930404,
  "sharp_ml_prob": 0.5,
  "square_ml_prob": 0.5,
  "sharp_square_ml_diff": 0.0,
  "spread_move": 1.7142857142857153,
  "total_move": -1.75,
  "rlm_flag": 0.0,
  "prop_pts_lines_count": 0.0,
  "prop_pts_avg_line": 14.054417320546353,
  "prop_ast_avg_line": 4.124377828054299,
  "prop_reb_avg_line": 4.991678917965304,
  "prop_threes_avg_line": 1.8166502301117686,
  "prop_blk_avg_line": 0.6915809947207557,
  "prop_stl_avg_line": 1.0,
  "prop_tov_avg_line": 2.5,
  "prop_pra_avg_line": 24.086577745734196,
  "prop_dd_count": 0.0,
  "prop_td_count": 0.0,
  "prop_sharp_square_diff": -0.14114778144481122,
  "matchup_3pt_diff": -0.17044735218351903,
  "situational_urgency": 0.0,
  "pace_x_3pt_diff": -18.286982417615036,
  "elo_x_rest": 0.0,
  "injury_diff": 0.0,
  "venue_scoring_edge": 1.7333333333333343,
  "off_def_mismatch": 0.0,
  "streak_diff": 0.0
}