{
  "home_ppg": 115.6,
  "home_oppg": 115.1,
  "home_wins": 45.0,
  "home_losses": 39.0,
  "home_pace": 103.5267857142857,
  "home_off_rating": 112.4365526201819,
  "home_def_rating": 111.5634473798181,
  "home_win_pct": 0.5365853658536586,
  "home_l5_pts_avg": 114.0,
  "home_l5_pts_allowed_avg": 114.0,
  "home_l5_1h_pts_avg": 57.6,
  "home_l5_1h_allowed_avg": 57.6,
  "home_l10_pts_avg": 114.1,
  "home_l10_pts_allowed_avg": 113.8,
  "home_l10_1h_pts_avg": 57.6,
  "home_l10_1h_allowed_avg": 57.666666666666664,
  "home_rest_days": 2.0,
  "home_b2b": 0.0,
  "home_games_7d": 4.0,
  "home_injury_impact": 0.0,
  "home_injured_count": 0.0,
  "home_player_pts_avg": 10.804134697357204,
  "home_player_ast_avg": 2.458896396396397,
  "home_player_reb_avg": 4.103807471264368,
  "home_player_fg_pct": 53.86685220168003,
  "home_player_3pt_pct": 33.035270693358925,
  "home_starter_pts_avg": 77.6,
  "home_bench_pts_avg": 22.0,
  "home_bench_ratio": 0.21877532414910858,
  "home_min_std": 10.103529709080025,
  "home_q1_avg": 29.1,
  "home_q3_avg": 29.0,
  "away_ppg": 115.6,
  "away_oppg": 115.15,
  "away_wins": 45.0,
  "away_losses": 39.0,
  "away_pace": 103.30357142857142,
  "away_off_rating": 112.75041876046902,
  "away_def_rating": 111.249581239531,
  "away_win_pct": 0.5365853658536586,
  "away_l5_pts_avg": 114.2,
  "away_l5_pts_allowed_avg": 114.6,
  "away_l5_1h_pts_avg": 57.8,
  "away_l5_1h_allowed_avg": 57.8,
  "away_l10_pts_avg": 114.2,
  "away_l10_pts_allowed_avg": 114.4,
  "away_l10_1h_pts_avg": 57.7,
  "away_l10_1h_allowed_avg": 57.7,
  "away_rest_days": 2.0,
  "away_b2b": 0.0,
  "away_games_7d": 4.0,
  "away_injury_impact": 0.0,
  "away_injured_count": 0.0,
  "away_player_pts_avg": 10.845299145299146,
  "away_player_ast_avg": 2.4791666666666665,
  "away_player_reb_avg": 4.1261363636363635,
  "away_player_fg_pct": 54.02426520847573,
  "away_player_3pt_pct": 33.27146927146927,
  "away_starter_pts_avg": 78.0,
  "away_bench_pts_avg": 22.2,
  "away_bench_ratio": 0.2189622649314547,
  "away_min_std": 9.998653732293965,
  "away_q1_avg": 29.1,
  "away_q3_avg": 29.0,
  "home_venue_ppg": 114.93333333333334,
  "home_venue_oppg": 112.96666666666667,
  "home_win_streak": 1.0,
  "home_l5_record": 2.0,
  "home_l10_record": 5.0,
  "away_venue_ppg": 113.06666666666666,
  "away_venue_oppg": 114.68333333333334,
  "away_win_streak": -1.0,
  "away_l5_record": 2.0,
  "away_l10_record": 5.0,
  "expected_pace": 103.125,
  "pace_diff": 0.0446428571428612,
  "season_progress": 1.0,
  "home_elo": 1532.429001296382,
  "away_elo": 1532.429001296382,
  "elo_diff": 0.5803579150865517,
  "h2h_win_pct": 0.5,
  "h2h_avg_margin": -1.0,
  "tz_diff": 1.0,
  "home_adj_off": 0.1253069622353422,
  "home_adj_def": 0.1253069622353422,
  "rest_diff": 0.0,
  "mkt_spread_avg": -2.5592105263157894,
  "mkt_spread_std": 1.10473440389831,
  "mkt_total_avg": 231.2909356725146,
  "mkt_total_std": 1.4147929778911394,
  "mkt_home_ml_prob": 0.6348424315207721,
  "mkt_1h_spread_avg": -1.4166666666666665,
  "mkt_1h_total_avg": 116.37037037037037,
  "mkt_1h_home_ml_prob": 0.613160978737779,
  "sharp_spread": -2.75,
  "square_spread": -2.6708333333333334,
  "sharp_square_spread_diff": -0.07564102564102537,
  "sharp_total": 230.25,
  "square_total": 231.28333333333333,
  "sharp_square_total_diff": -0.0954545454545439,
  "sharp_ml_prob": 0.5818210512175668,
  "square_ml_prob": 0.5867971329609054,
  "sharp_square_ml_diff": -0.0037178222452229903,
  "spread_move": 0.0,
  "total_move": 0.5124269005847992,
  "rlm_flag": 0.0,
  "prop_pts_lines_count": 0.0,
  "prop_pts_avg_line": 15.006060606060606,
  "prop_ast_avg_line": 4.5,
  "prop_reb_avg_line": 5.432183908045977,
  "prop_threes_avg_line": 1.9,
  "prop_blk_avg_line": 0.875,
  "prop_stl_avg_line": 1.1,
  "prop_tov_avg_line": 2.5,
  "prop_pra_avg_line": 25.9375,
  "prop_dd_count": 0.0,
  "prop_td_count": 0.0,
  "prop_sharp_square_diff": -1.6857142857142868,
  "matchup_3pt_diff": -0.22876385376386033,
  "situational_urgency": 0.0,
  "pace_x_3pt_diff": -25.559320387775344,
  "elo_x_rest": 0.0,
  "injury_diff": 0.0,
  "venue_scoring_edge": 1.605194805194813,
  "off_def_mismatch": 0.0,
  "streak_diff": 0.0
}