{
  "home_ppg": 115.6,
  "home_oppg": 115.5,
  "home_wins": 44.0,
  "home_losses": 40.0,
  "home_pace": 103.2142857142857,
  "home_off_rating": 112.58131487889275,
  "home_def_rating": 111.41868512110729,
  "home_win_pct": 0.5294117647058824,
  "home_l5_pts_avg": 113.6,
  "home_l5_pts_allowed_avg": 113.9,
  "home_l5_1h_pts_avg": 57.6,
  "home_l5_1h_allowed_avg": 57.2,
  "home_l10_pts_avg": 113.8,
  "home_l10_pts_allowed_avg": 113.7,
  "home_l10_1h_pts_avg": 57.6,
  "home_l10_1h_allowed_avg": 57.333333333333336,
  "home_rest_days": 2.0,
  "home_b2b": 0.0,
  "home_games_7d": 4.0,
  "home_injury_impact": 0.0,
  "home_injured_count": 0.0,
  "home_player_pts_avg": 10.678908355795148,
  "home_player_ast_avg": 2.4583333333333335,
  "home_player_reb_avg": 4.112159329140461,
  "home_player_fg_pct": 54.922747887033594,
  "home_player_3pt_pct": 32.98821548821549,
  "home_starter_pts_avg": 79.2,
  "home_bench_pts_avg": 29.0,
  "home_bench_ratio": 0.26143569934009336,
  "home_min_std": 9.928614246838556,
  "home_q1_avg": 29.0,
  "home_q3_avg": 29.1,
  "away_ppg": 115.6,
  "away_oppg": 115.7,
  "away_wins": 44.0,
  "away_losses": 40.0,
  "away_pace": 103.39285714285712,
  "away_off_rating": 112.51656184486374,
  "away_def_rating": 111.48343815513628,
  "away_win_pct": 0.5238095238095238,
  "away_l5_pts_avg": 114.0,
  "away_l5_pts_allowed_avg": 114.0,
  "away_l5_1h_pts_avg": 57.6,
  "away_l5_1h_allowed_avg": 58.0,
  "away_l10_pts_avg": 114.125,
  "away_l10_pts_allowed_avg": 114.1,
  "away_l10_1h_pts_avg": 57.5,
  "away_l10_1h_allowed_avg": 57.9,
  "away_rest_days": 2.0,
  "away_b2b": 0.0,
  "away_games_7d": 4.0,
  "away_injury_impact": 0.0,
  "away_injured_count": 0.0,
  "away_player_pts_avg": 10.753048780487806,
  "away_player_ast_avg": 2.4895788102475036,
  "away_player_reb_avg": 4.140175438596492,
  "away_player_fg_pct": 54.898205842228606,
  "away_player_3pt_pct": 33.45141736918053,
  "away_starter_pts_avg": 79.2,
  "away_bench_pts_avg": 29.4,
  "away_bench_ratio": 0.2672570850202429,
  "away_min_std": 9.602813800771584,
  "away_q1_avg": 29.0,
  "away_q3_avg": 29.0,
  "home_venue_ppg": 114.0,
  "home_venue_oppg": 112.46666666666667,
  "home_win_streak": 1.0,
  "home_l5_record": 2.0,
  "home_l10_record": 5.0,
  "away_venue_ppg": 113.26666666666667,
  "away_venue_oppg": 114.25,
  "away_win_streak": -1.0,
  "away_l5_record": 2.0,
  "away_l10_record": 4.0,
  "expected_pace": 103.10267857142856,
  "pace_diff": -0.1339285714285836,
  "season_progress": 1.024390243902439,
  "home_elo": 1538.1545547619396,
  "away_elo": 1515.301364588714,
  "elo_diff": 0.0,
  "h2h_win_pct": 0.5,
  "h2h_avg_margin": -2.0,
  "tz_diff": 1.0,
  "home_adj_off": 0.09688334063328341,
  "home_adj_def": 0.09688334063328341,
  "rest_diff": 0.0,
  "prop_pts_lines_count": 0.0,
  "prop_dd_count": 0.0,
  "prop_td_count": 0.0,
  "matchup_3pt_diff": -0.13752086120507556,
  "situational_urgency": 0.0,
  "pace_x_3pt_diff": -13.813479362116963,
  "elo_x_rest": 0.0,
  "injury_diff": 0.0,
  "venue_scoring_edge": 0.5999999999999943,
  "off_def_mismatch": 0.0,
  "streak_diff": 0.0,
  "home_l5_pts_wavg": 113.67340768111144,
  "home_l5_pts_allowed_wavg": 113.83467063626588,
  "home_l10_pts_wavg": 113.99577572086784,
  "home_l10_pts_allowed_wavg": 113.71298575568792,
  "away_l5_pts_wavg": 114.12363445075378,
  "away_l5_pts_allowed_wavg": 114.42277596729373,
  "away_l10_pts_wavg": 114.0591684480478,
  "away_l10_pts_allowed_wavg": 113.84373396049405,
  "recent_form_diff": -0.43510181170943696,
  "def_matchup_diff": 0.0,
  "home_fatigue_scoring": 461.2,
  "away_fatigue_scoring": 461.6
}