{
  "home_ppg": 115.5,
  "home_oppg": 114.8,
  "home_wins": 42.0,
  "home_losses": 39.0,
  "home_pace": 103.48214285714285,
  "home_off_rating": 112.71519795657728,
  "home_def_rating": 111.28480204342274,
  "home_win_pct": 0.5384615384615384,
  "home_l5_pts_avg": 113.9,
  "home_l5_pts_allowed_avg": 113.8,
  "home_l5_1h_pts_avg": 57.6,
  "home_l5_1h_allowed_avg": 57.6,
  "home_l10_pts_avg": 114.1,
  "home_l10_pts_allowed_avg": 113.8,
  "home_l10_1h_pts_avg": 57.6,
  "home_l10_1h_allowed_avg": 57.6,
  "home_rest_days": 2.0,
  "home_b2b": 0.0,
  "home_games_7d": 4.0,
  "home_injury_impact": 0.0,
  "home_injured_count": 0.0,
  "home_player_pts_avg": 10.798305084745763,
  "home_player_ast_avg": 2.4545454545454546,
  "home_player_reb_avg": 4.101282051282051,
  "home_player_fg_pct": 53.790427948694074,
  "home_player_3pt_pct": 33.042764114192686,
  "home_starter_pts_avg": 78.0,
  "home_bench_pts_avg": 22.2,
  "home_bench_ratio": 0.2201016581884382,
  "home_min_std": 10.105259643447678,
  "home_q1_avg": 29.05,
  "home_q3_avg": 28.9,
  "away_ppg": 115.5,
  "away_oppg": 115.05000000000001,
  "away_wins": 42.0,
  "away_losses": 39.0,
  "away_pace": 103.08035714285714,
  "away_off_rating": 112.48653344917464,
  "away_def_rating": 111.51346655082538,
  "away_win_pct": 0.5384615384615384,
  "away_l5_pts_avg": 114.2,
  "away_l5_pts_allowed_avg": 114.6,
  "away_l5_1h_pts_avg": 57.6,
  "away_l5_1h_allowed_avg": 57.8,
  "away_l10_pts_avg": 114.1,
  "away_l10_pts_allowed_avg": 114.3,
  "away_l10_1h_pts_avg": 57.7,
  "away_l10_1h_allowed_avg": 57.7,
  "away_rest_days": 2.0,
  "away_b2b": 0.0,
  "away_games_7d": 4.0,
  "away_injury_impact": 0.0,
  "away_injured_count": 0.0,
  "away_player_pts_avg": 10.837722185648452,
  "away_player_ast_avg": 2.4761904761904763,
  "away_player_reb_avg": 4.125,
  "away_player_fg_pct": 53.95013165846499,
  "away_player_3pt_pct": 33.3013963161022,
  "away_starter_pts_avg": 78.2,
  "away_bench_pts_avg": 22.2,
  "away_bench_ratio": 0.2194613312148112,
  "away_min_std": 9.998653732293967,
  "away_q1_avg": 29.0,
  "away_q3_avg": 28.9,
  "home_venue_ppg": 114.93333333333334,
  "home_venue_oppg": 112.93333333333334,
  "home_win_streak": 1.0,
  "home_l5_record": 2.0,
  "home_l10_record": 5.0,
  "away_venue_ppg": 113.0,
  "away_venue_oppg": 114.66666666666667,
  "away_win_streak": -1.0,
  "away_l5_record": 2.0,
  "away_l10_record": 5.0,
  "expected_pace": 103.10267857142856,
  "pace_diff": 0.0892857142857082,
  "season_progress": 0.9573170731707317,
  "home_elo": 1538.5301753625813,
  "away_elo": 1538.5301753625813,
  "elo_diff": 4.2363225955296,
  "h2h_win_pct": 0.5,
  "h2h_avg_margin": -1.0,
  "tz_diff": 1.0,
  "home_adj_off": 0.09914938484368463,
  "home_adj_def": 0.09914938484368463,
  "rest_diff": 0.0,
  "mkt_spread_avg": -4.993829787234043,
  "mkt_spread_std": 2.4433215075317847,
  "mkt_total_avg": 233.27100840336135,
  "mkt_total_std": 2.184795308282153,
  "mkt_home_ml_prob": 0.5,
  "sharp_spread": -4.993829787234043,
  "square_spread": -4.96111111111111,
  "sharp_square_spread_diff": 0.07225274725274922,
  "sharp_total": 233.27100840336135,
  "square_total": 232.0909090909091,
  "sharp_square_total_diff": 0.024224832549322173,
  "sharp_ml_prob": 0.5,
  "square_ml_prob": 0.5,
  "sharp_square_ml_diff": 0.0,
  "spread_move": -0.1646825396825391,
  "total_move": -0.0961538461538396,
  "rlm_flag": 0.0,
  "prop_pts_lines_count": 0.0,
  "prop_pts_avg_line": 13.945116802701943,
  "prop_ast_avg_line": 4.194805194805195,
  "prop_reb_avg_line": 4.950914719954968,
  "prop_threes_avg_line": 1.8421052631578947,
  "prop_pra_avg_line": 23.6807995925643,
  "prop_dd_count": 0.0,
  "prop_td_count": 0.0,
  "prop_sharp_square_diff": -0.2909961685823754,
  "matchup_3pt_diff": -0.14641364113430022,
  "situational_urgency": 0.0
}