{
  "home_ppg": 115.6,
  "home_oppg": 115.6,
  "home_wins": 45.0,
  "home_losses": 40.0,
  "home_pace": 103.2142857142857,
  "home_off_rating": 112.6566164154104,
  "home_def_rating": 111.34338358458963,
  "home_win_pct": 0.5294117647058824,
  "home_l5_pts_avg": 113.8,
  "home_l5_pts_allowed_avg": 113.8,
  "home_l5_1h_pts_avg": 57.6,
  "home_l5_1h_allowed_avg": 57.2,
  "home_l10_pts_avg": 114.1,
  "home_l10_pts_allowed_avg": 113.7,
  "home_l10_1h_pts_avg": 57.6,
  "home_l10_1h_allowed_avg": 57.36666666666667,
  "home_rest_days": 2.0,
  "home_b2b": 0.0,
  "home_games_7d": 4.0,
  "home_injury_impact": 0.0,
  "home_injured_count": 0.0,
  "home_player_pts_avg": 10.680531732418526,
  "home_player_ast_avg": 2.4634146341463414,
  "home_player_reb_avg": 4.120748299319727,
  "home_player_fg_pct": 54.995579050962064,
  "home_player_3pt_pct": 33.052223141508854,
  "home_starter_pts_avg": 79.26666666666667,
  "home_bench_pts_avg": 29.0,
  "home_bench_ratio": 0.2610000275413809,
  "home_min_std": 9.949431235154604,
  "home_q1_avg": 29.0,
  "home_q3_avg": 29.1,
  "away_ppg": 115.6,
  "away_oppg": 116.0,
  "away_wins": 45.0,
  "away_losses": 41.0,
  "away_pace": 103.2142857142857,
  "away_off_rating": 112.59574468085107,
  "away_def_rating": 111.40425531914894,
  "away_win_pct": 0.5232558139534884,
  "away_l5_pts_avg": 114.2,
  "away_l5_pts_allowed_avg": 114.4,
  "away_l5_1h_pts_avg": 57.6,
  "away_l5_1h_allowed_avg": 58.0,
  "away_l10_pts_avg": 114.2,
  "away_l10_pts_allowed_avg": 114.4,
  "away_l10_1h_pts_avg": 57.5,
  "away_l10_1h_allowed_avg": 57.9,
  "away_rest_days": 2.0,
  "away_b2b": 0.0,
  "away_games_7d": 4.0,
  "away_injury_impact": 0.0,
  "away_injured_count": 0.0,
  "away_player_pts_avg": 10.73764705882353,
  "away_player_ast_avg": 2.4839024390243902,
  "away_player_reb_avg": 4.137254901960785,
  "away_player_fg_pct": 54.898205842228606,
  "away_player_3pt_pct": 33.46466764229922,
  "away_starter_pts_avg": 79.2,
  "away_bench_pts_avg": 29.45,
  "away_bench_ratio": 0.2672570850202429,
  "away_min_std": 9.621880282887933,
  "away_q1_avg": 29.0,
  "away_q3_avg": 29.0,
  "home_venue_ppg": 114.0909090909091,
  "home_venue_oppg": 112.46666666666667,
  "home_win_streak": 1.0,
  "home_l5_record": 2.0,
  "home_l10_record": 5.0,
  "away_venue_ppg": 113.28571428571429,
  "away_venue_oppg": 114.33333333333333,
  "away_win_streak": -1.0,
  "away_l5_record": 2.0,
  "away_l10_record": 4.0,
  "expected_pace": 103.12499999999999,
  "pace_diff": -0.0892857142857082,
  "season_progress": 1.0365853658536586,
  "home_elo": 1537.5726363855765,
  "away_elo": 1533.8027584387253,
  "elo_diff": 3.7698779468512384,
  "h2h_win_pct": 0.5,
  "h2h_avg_margin": -2.0,
  "tz_diff": 1.0,
  "home_adj_off": 0.14917808836113977,
  "home_adj_def": 0.14917808836112556,
  "rest_diff": 0.0,
  "mkt_spread_avg": -5.645534290271132,
  "mkt_spread_std": 2.3181647683359605,
  "mkt_total_avg": 230.5735294117647,
  "mkt_total_std": 1.643462273719454,
  "mkt_home_ml_prob": 0.7368466600043345,
  "mkt_1h_spread_avg": -4.9532967032967035,
  "mkt_1h_total_avg": 115.15384615384616,
  "mkt_1h_home_ml_prob": 0.7489676890695545,
  "sharp_spread": -5.75,
  "square_spread": -6.330808080808081,
  "sharp_square_spread_diff": 0.14999999999999947,
  "sharp_total": 228.0,
  "square_total": 230.6111111111111,
  "sharp_square_total_diff": 0.0,
  "sharp_ml_prob": 0.6814734870519523,
  "square_ml_prob": 0.6845339091986719,
  "sharp_square_ml_diff": -0.006113685491918819,
  "spread_move": 0.0,
  "total_move": 0.0,
  "rlm_flag": 0.0,
  "prop_pts_lines_count": 0.0,
  "prop_pts_avg_line": 17.5,
  "prop_ast_avg_line": 5.291666666666666,
  "prop_reb_avg_line": 6.075,
  "prop_threes_avg_line": 2.261904761904762,
  "prop_blk_avg_line": 0.7380952380952381,
  "prop_stl_avg_line": 0.9142857142857144,
  "prop_tov_avg_line": 2.5,
  "prop_pra_avg_line": 29.047619047619047,
  "prop_dd_count": 0.0,
  "prop_td_count": 0.0,
  "prop_sharp_square_diff": -1.208333333333334,
  "matchup_3pt_diff": -0.20230695230695517,
  "situational_urgency": 0.0,
  "pace_x_3pt_diff": -20.736462611462905,
  "elo_x_rest": 0.0,
  "injury_diff": 0.0,
  "venue_scoring_edge": 0.6666666666666572,
  "off_def_mismatch": 0.0,
  "streak_diff": 0.0,
  "home_l5_pts_wavg": 113.78945561566077,
  "home_l5_pts_allowed_wavg": 113.81571501863392,
  "home_l10_pts_wavg": 114.19653896027997,
  "home_l10_pts_allowed_wavg": 113.71298575568792,
  "away_l5_pts_wavg": 114.12363445075378,
  "away_l5_pts_allowed_wavg": 114.6737372161875,
  "away_l10_pts_wavg": 114.08648484131116,
  "away_l10_pts_allowed_wavg": 113.96265273525013,
  "pace_x_mkt_total": 23698.409023765755,
  "recent_form_diff": -0.38296145949564675,
  "def_matchup_diff": 0.0,
  "market_elo_disagreement": -4.651547332324984,
  "home_fatigue_scoring": 460.8,
  "away_fatigue_scoring": 461.2
}