{
  "model_home_fg_train_rows": 1342.0,
  "model_home_fg_mae": 9.530870760930494,
  "model_home_fg_rmse": 12.30027177419089,
  "model_away_fg_train_rows": 1342.0,
  "model_away_fg_mae": 9.07187124346404,
  "model_away_fg_rmse": 11.643514251086774,
  "model_home_1h_train_rows": 1342.0,
  "model_home_1h_mae": 6.7857300488938135,
  "model_home_1h_rmse": 8.56175168301529,
  "model_away_1h_train_rows": 1342.0,
  "model_away_1h_mae": 6.577029754228121,
  "model_away_1h_rmse": 8.219629402650707,
  "calibration_fg_coef": 0.20472465029322956,
  "calibration_fg_intercept": 0.47290818723290284,
  "calibration_1h_coef": 0.18264384741616277,
  "calibration_1h_intercept": -0.11970163142011316,
  "model_home_fg_ensemble_mae": 3.4113932996614658,
  "model_away_fg_ensemble_mae": 6.660471981372967,
  "model_home_1h_ensemble_mae": 5.115334489433435,
  "model_away_1h_ensemble_mae": 5.220849110103499,
  "pruning_candidate_count": 38.0,
  "row_count": 1342.0,
  "promoted": 1.0
}