{
  "model_home_fg_train_rows": 633.0,
  "model_home_fg_mae": 9.840765206473213,
  "model_home_fg_rmse": 12.833750596763519,
  "model_away_fg_train_rows": 633.0,
  "model_away_fg_mae": 9.264640517461867,
  "model_away_fg_rmse": 11.932675818894111,
  "model_home_1h_train_rows": 633.0,
  "model_home_1h_mae": 6.872799871535529,
  "model_home_1h_rmse": 8.6531595179964,
  "model_away_1h_train_rows": 633.0,
  "model_away_1h_mae": 6.771440168108259,
  "model_away_1h_rmse": 8.433005772556834,
  "calibration_fg_coef": 0.27895423398811836,
  "calibration_fg_intercept": 0.5827282441451063,
  "calibration_1h_coef": 0.16993505943098192,
  "calibration_1h_intercept": 0.3664964101930309,
  "model_home_fg_ensemble_mae": 7.5958478209258935,
  "model_away_fg_ensemble_mae": 6.161363601646129,
  "model_home_1h_ensemble_mae": 4.840150307430272,
  "model_away_1h_ensemble_mae": 5.38432741143699,
  "pruning_candidate_count": 50.0,
  "row_count": 633.0,
  "promoted": 1.0
}