{
  "model_home_fg_train_rows": 626.0,
  "model_home_fg_mae": 9.87004296229436,
  "model_home_fg_rmse": 12.824031443500653,
  "model_away_fg_train_rows": 626.0,
  "model_away_fg_mae": 9.402951533977802,
  "model_away_fg_rmse": 12.070440492445556,
  "model_home_1h_train_rows": 626.0,
  "model_home_1h_mae": 6.946689099531907,
  "model_home_1h_rmse": 8.72209296676695,
  "model_away_1h_train_rows": 626.0,
  "model_away_1h_mae": 6.737987474294809,
  "model_away_1h_rmse": 8.434157362521374,
  "calibration_fg_coef": 0.23208366879830064,
  "calibration_fg_intercept": 0.7488907542828581,
  "calibration_1h_coef": 0.31777612501452873,
  "calibration_1h_intercept": 0.4913791135692024,
  "model_home_fg_ensemble_mae": 8.642643989557266,
  "model_away_fg_ensemble_mae": 4.145008578699754,
  "model_home_1h_ensemble_mae": 4.950065422710995,
  "model_away_1h_ensemble_mae": 3.4583187897491308,
  "pruning_candidate_count": 45.0,
  "row_count": 626.0,
  "promoted": 1.0
}