{
  "model_home_fg_mae": 9.379369555779222,
  "model_home_fg_rmse": 12.10366471669701,
  "model_home_fg_train_rows": 1272.0,
  "model_away_fg_mae": 9.20770080854308,
  "model_away_fg_rmse": 11.837896664015462,
  "model_away_fg_train_rows": 1272.0,
  "model_home_1h_mae": 6.806349743537183,
  "model_home_1h_rmse": 8.536710702166255,
  "model_home_1h_train_rows": 1272.0,
  "model_away_1h_mae": 6.621059687632434,
  "model_away_1h_rmse": 8.294872640351915,
  "model_away_1h_train_rows": 1272.0,
  "calibration_fg_coef": 0.17407291244397682,
  "calibration_fg_intercept": 0.30338668901381827,
  "calibration_1h_coef": 0.18887850658148703,
  "calibration_1h_intercept": 0.15005747246287893,
  "row_count": 1272.0,
  "promoted": false
}