{
  "model_home_fg_train_rows": 611.0,
  "model_home_fg_mae": 9.784747631715074,
  "model_home_fg_rmse": 12.817024690888905,
  "model_away_fg_train_rows": 611.0,
  "model_away_fg_mae": 9.197184708094833,
  "model_away_fg_rmse": 11.882771464603218,
  "model_home_1h_train_rows": 611.0,
  "model_home_1h_mae": 6.9076573589060555,
  "model_home_1h_rmse": 8.741309896293417,
  "model_away_1h_train_rows": 611.0,
  "model_away_1h_mae": 6.673408500746926,
  "model_away_1h_rmse": 8.355110908479654,
  "calibration_fg_coef": 0.2500959153447652,
  "calibration_fg_intercept": 0.281045723342618,
  "calibration_1h_coef": 0.2662859548593569,
  "calibration_1h_intercept": -0.1252717172936107,
  "model_home_fg_ensemble_mae": 6.5466467454491015,
  "model_away_fg_ensemble_mae": 3.8275038904479857,
  "model_home_1h_ensemble_mae": 5.2732878918329735,
  "model_away_1h_ensemble_mae": 3.4413406942900537,
  "pruning_candidate_count": 15.0,
  "row_count": 611.0,
  "promoted": 1.0
}